Domain,Sub Domain,Product Name,Product Link,Review,Aspect1,Aspect2,Aspect3,Aspect4
Lipstick,Lakme,lakme-9-to-5-weightless-matte-mousse-lip-cheek-color,https://www.nykaa.com/lakme-9-to-5-weightless-matte-mousse-lip-cheek-color/p/73137?productId=73137&pps=1&skuId=474176,"""Lakm√© pink lace"" This lipstick color is so beautiful totally matte and very good in for cheek color.
Totally recommend product.",Pink,Liquid,Matte,Full Coverage
Lipstick,Lakme,lakme-9-to-5-weightless-matte-mousse-lip-cheek-color,https://www.nykaa.com/lakme-9-to-5-weightless-matte-mousse-lip-cheek-color/p/73137?productId=73137&pps=1&skuId=474176,"""Lakm√© pink lace"" This lipstick color is so beautiful totally matte and very good in for cheek color.
Totally recommend product.",Pink,Liquid,Matte,Full Coverage
Lipstick,Lakme,lakme-9-to-5-weightless-matte-mousse-lip-cheek-color,https://www.nykaa.com/lakme-9-to-5-weightless-matte-mousse-lip-cheek-color/p/73137?productId=73137&pps=1&skuId=474176,"""‚ÄúAmazing"""" Very Good Long Lasting Lip And Cheek Colour.. Smooth And Comfortable... Love ItüíÑ‚ô•Ô∏è",Pink,Liquid,Matte,Full Coverage
Lipstick,Lakme,lakme-9-to-5-weightless-matte-mousse-lip-cheek-color,https://www.nykaa.com/lakme-9-to-5-weightless-matte-mousse-lip-cheek-color/p/73137?productId=73137&pps=1&skuId=474176,"""‚ÄúAmazing"""" Looks Very Pretty üíÑ‚ô•Ô∏è",Pink,Liquid,Matte,Full Coverage
Lipstick,Lakme,lakme-9-to-5-weightless-matte-mousse-lip-cheek-color,https://www.nykaa.com/lakme-9-to-5-weightless-matte-mousse-lip-cheek-color/p/73137?productId=73137&pps=1&skuId=474176,"""Beautiful Colour"" Beautiful Colour it is",Pink,Liquid,Matte,Full Coverage
Lipstick,Lakme,lakme-9-to-5-weightless-matte-mousse-lip-cheek-color,https://www.nykaa.com/lakme-9-to-5-weightless-matte-mousse-lip-cheek-color/p/73137?productId=73137&pps=1&skuId=474176,"""I Love this colour ü•∞üòç"" Nice colour smooth structure üòá",Pink,Liquid,Matte,Full Coverage
Lipstick,Lakme,lakme-9-to-5-weightless-matte-mousse-lip-cheek-color,https://www.nykaa.com/lakme-9-to-5-weightless-matte-mousse-lip-cheek-color/p/73137?productId=73137&pps=1&skuId=474176,"""All time fort lipstick"" I just love the formulation of this lisps tick and amazing color payoff and so so so so so...‚Ä¶.long lasting ‚ù§Ô∏è‚Äçüî• got free sample of MAC foundation ‚ô•Ô∏è‚ô•Ô∏è‚ô•Ô∏èüòç",Pink,Liquid,Matte,Full Coverage
Lipstick,Lakme,lakme-9-to-5-weightless-matte-mousse-lip-cheek-color,https://www.nykaa.com/lakme-9-to-5-weightless-matte-mousse-lip-cheek-color/p/73137?productId=73137&pps=1&skuId=474176,"""Perfect pink shade"" This lipstick is very lightweight and bright pink colour... You can also use it as a cheek colour... Worth  the price",Pink,Liquid,Matte,Full Coverage
Lipstick,Lakme,lakme-9-to-5-weightless-matte-mousse-lip-cheek-color,https://www.nykaa.com/lakme-9-to-5-weightless-matte-mousse-lip-cheek-color/p/73137?productId=73137&pps=1&skuId=474176,"""So good"" These lipsticks of lakme are so good and the formulation are on mousse type and when it get dry it become matte & non transfer. It can used in both the way on lips or cheeks....Read More",Pink,Liquid,Matte,Full Coverage
Lipstick,Lakme,lakme-9-to-5-weightless-matte-mousse-lip-cheek-color,https://www.nykaa.com/lakme-9-to-5-weightless-matte-mousse-lip-cheek-color/p/73137?productId=73137&pps=1&skuId=474176,"""Perfect for brown skin"" I just love this. It's pigmented,light weight
And most importantly the shade is Gorgeous üòçgodd!! JUST LOVE IT.suits every skin and looks more gorgeous on brown beauties‚ù§Ô∏èan...Read More",Pink,Liquid,Matte,Full Coverage
Lipstick,Lakme,lakme-9-to-5-weightless-matte-mousse-lip-cheek-color,https://www.nykaa.com/lakme-9-to-5-weightless-matte-mousse-lip-cheek-color/p/73137?productId=73137&pps=1&skuId=474176,"""Heaven of nude shade‚ù§"" This is my second puchase and i just love the formula , textut and the shade nude cushion. Just go for it girls u will never regret after buy this..",Pink,Liquid,Matte,Full Coverage
Lipstick,Lakme,lakme-9-to-5-weightless-matte-mousse-lip-cheek-color,https://www.nykaa.com/lakme-9-to-5-weightless-matte-mousse-lip-cheek-color/p/73137?productId=73137&pps=1&skuId=474176,"""Awesome shade"" I am already in love with this shade, and the brand as well. This is just amazing, second time I bought it.
With no doubt I will by it again and again, if you love dark colo...Read More",Pink,Liquid,Matte,Full Coverage
Lipstick,Lakme,lakme-9-to-5-weightless-matte-mousse-lip-cheek-color,https://www.nykaa.com/lakme-9-to-5-weightless-matte-mousse-lip-cheek-color/p/73137?productId=73137&pps=1&skuId=474176,"""What a unique shade!!"" This is a cool toned brown with purple and mauvy undertones. Suits every skin type!! And the fragrance is ammaazing! The pictures doesn't do any justice to the shade. It is e...Read More",Pink,Liquid,Matte,Full Coverage
Lipstick,Lakme,lakme-9-to-5-weightless-matte-mousse-lip-cheek-color,https://www.nykaa.com/lakme-9-to-5-weightless-matte-mousse-lip-cheek-color/p/73137?productId=73137&pps=1&skuId=474176,"""Perfect matte look."" Fuchsia suede is perfect pink color.I love pink suede. Just wow. Nice color. Long lasting matte lip color.",Pink,Liquid,Matte,Full Coverage
Lipstick,Lakme,lakme-9-to-5-weightless-matte-mousse-lip-cheek-color,https://www.nykaa.com/lakme-9-to-5-weightless-matte-mousse-lip-cheek-color/p/73137?productId=73137&pps=1&skuId=474176,"""Nude Cushion"" Bought on sale for Rs. 338. Nude Cushion is a dusty peach pink shade. It's a beautiful warm nude with a comfortable matte finish. Takes a few minutes to dry and set but after...Read More",Pink,Liquid,Matte,Full Coverage
Lipstick,Lakme,lakme-9-to-5-weightless-matte-mousse-lip-cheek-color,https://www.nykaa.com/lakme-9-to-5-weightless-matte-mousse-lip-cheek-color/p/73137?productId=73137&pps=1&skuId=474176,"""Perfect pink for dark skin tone"" Dark pink. Wonderful applicator. Love this range because of its mousse texture, transfer proof and waterproof formula. Stays for 4 hrs effortlessly. Cocoa soft shade from thi...Read More",Pink,Liquid,Matte,Full Coverage
Lipstick,Lakme,lakme-9-to-5-weightless-matte-mousse-lip-cheek-color,https://www.nykaa.com/lakme-9-to-5-weightless-matte-mousse-lip-cheek-color/p/73137?productId=73137&pps=1&skuId=474176,"""Beautiful Shade by Lakme"" This is my second pack of Lakme Burgundy Lush. Long-lasting with rich pigmentation, it does give a truly matte finish, suitable for all skin tones. The smell is chocolatey an...Read More",Pink,Liquid,Matte,Full Coverage
Lipstick,Lakme,lakme-9-to-5-weightless-matte-mousse-lip-cheek-color,https://www.nykaa.com/lakme-9-to-5-weightless-matte-mousse-lip-cheek-color/p/73137?productId=73137&pps=1&skuId=474176,"""Love it"" Loving this shade",Pink,Liquid,Matte,Full Coverage
Lipstick,Lakme,lakme-9-to-5-weightless-matte-mousse-lip-cheek-color,https://www.nykaa.com/lakme-9-to-5-weightless-matte-mousse-lip-cheek-color/p/73137?productId=73137&pps=1&skuId=474176,"""Superbbb wonderful"" Very very Nice shade clour of pink. Very light wight. M very happy  shoping from nayka. Too good Lipstick Thank you so Much nayka",Pink,Liquid,Matte,Full Coverage
Lipstick,Lakme,lakme-9-to-5-weightless-matte-mousse-lip-cheek-color,https://www.nykaa.com/lakme-9-to-5-weightless-matte-mousse-lip-cheek-color/p/73137?productId=73137&pps=1&skuId=474176,"""Best weightless lipstick"" This lipsticks has my heart in Maybelline...it's very lightweight, waterproof ,smudge proof lipistick..it stay 5-6 hours on ur lips without any Reapplication.. U can use as a...Read More",Pink,Liquid,Matte,Full Coverage
Lipstick,Lakme,lakme-9-to-5-weightless-matte-mousse-lip-cheek-color,https://www.nykaa.com/lakme-9-to-5-weightless-matte-mousse-lip-cheek-color/p/73137?productId=73137&pps=1&skuId=474176,"""Suits my skin colour"" Totally in love with this Rose Touch shade I'll definitely have more from them ??",Pink,Liquid,Matte,Full Coverage
Lipstick,Maybelline New Yor,maybelline-new-york-color-sensational-ultimattes-lipstick,https://www.nykaa.com/maybelline-new-york-color-sensational-ultimattes-lipstick/p/4317050?productId=4317050&skuId=4317041&pps=1,"""PERFECT NUDE SHADEü©∑ü©∑ü©∑"" The shade is perfect if you're hunting for a nude lipstick. It's baby pink color with a tint of brown in it. The texture is matte but more towards creamy & pretty blendable‚ú®NGL it's the one go to lipstick for me. Sadly the staying power of this lipstick is 3-4 hrs if you'll eat something it might fade away and you've to re apply. It's suitable for fair to medium skin toneüíóIt's the PERFECT DUPE OF CHARLOTTE TILBURY ""PILLOW TALK"" I have clicked pictures in sunlight without filter so you can it clearly.",Red,Stick,Matte,Full Coverage
Lipstick,Maybelline New Yor,maybelline-new-york-color-sensational-ultimattes-lipstick,https://www.nykaa.com/maybelline-new-york-color-sensational-ultimattes-lipstick/p/4317050?productId=4317050&skuId=4317041&pps=1,"""PERFECT NUDE SHADEü©∑ü©∑ü©∑"" The shade is perfect if you're hunting for a nude lipstick. It's baby pink color with a tint of brown in it. The texture is matte but more towards creamy & pretty blendable‚ú®N...Read More",Red,Stick,Matte,Full Coverage
Lipstick,Maybelline New Yor,maybelline-new-york-color-sensational-ultimattes-lipstick,https://www.nykaa.com/maybelline-new-york-color-sensational-ultimattes-lipstick/p/4317050?productId=4317050&skuId=4317041&pps=1,"""Pinky shade"" A perfect pink shade , this is my daily go to lipstick, gives a Matt finish look ,",Red,Stick,Matte,Full Coverage
Lipstick,Maybelline New Yor,maybelline-new-york-color-sensational-ultimattes-lipstick,https://www.nykaa.com/maybelline-new-york-color-sensational-ultimattes-lipstick/p/4317050?productId=4317050&skuId=4317041&pps=1,"""Maybelline New York"" Love this beautiful shade",Red,Stick,Matte,Full Coverage
Lipstick,Maybelline New Yor,maybelline-new-york-color-sensational-ultimattes-lipstick,https://www.nykaa.com/maybelline-new-york-color-sensational-ultimattes-lipstick/p/4317050?productId=4317050&skuId=4317041&pps=1,"""More buff"" Such a beautiful colour ‚ù§Ô∏è will suit fair / light skin tones . Medium and dark skin tones can feel a bit washed off . It's very similar to Mac's Velvet Teddy . Pinkish brown...Read More",Red,Stick,Matte,Full Coverage
Lipstick,Maybelline New Yor,maybelline-new-york-color-sensational-ultimattes-lipstick,https://www.nykaa.com/maybelline-new-york-color-sensational-ultimattes-lipstick/p/4317050?productId=4317050&skuId=4317041&pps=1,"""Loving it"" Nice colour with a smooth formula . Didnt dry my lip , mattee colour but not transferproof . Worth its price . I will say this is one of best lipstick of Maybelline",Red,Stick,Matte,Full Coverage
Lipstick,Maybelline New Yor,maybelline-new-york-color-sensational-ultimattes-lipstick,https://www.nykaa.com/maybelline-new-york-color-sensational-ultimattes-lipstick/p/4317050?productId=4317050&skuId=4317041&pps=1,"""More blush"" Very nice texture of lipstick,,,i m loving it",Red,Stick,Matte,Full Coverage
Lipstick,Maybelline New Yor,maybelline-new-york-color-sensational-ultimattes-lipstick,https://www.nykaa.com/maybelline-new-york-color-sensational-ultimattes-lipstick/p/4317050?productId=4317050&skuId=4317041&pps=1,"""Amazing"" Its a pink nude colorr. Suitable for light to medium skin tone. Will washout dusky skintine. I am mac nc40 and Maybelline 228 soft tan skin tone . Pictures are clicked in nat...Read More",Red,Stick,Matte,Full Coverage
Lipstick,Maybelline New Yor,maybelline-new-york-color-sensational-ultimattes-lipstick,https://www.nykaa.com/maybelline-new-york-color-sensational-ultimattes-lipstick/p/4317050?productId=4317050&skuId=4317041&pps=1,"""More blush"" the colour and finish is to die for. The smell though is something extremely annoying - smells almost like laundry soap",Red,Stick,Matte,Full Coverage
Lipstick,Maybelline New Yor,maybelline-new-york-color-sensational-ultimattes-lipstick,https://www.nykaa.com/maybelline-new-york-color-sensational-ultimattes-lipstick/p/4317050?productId=4317050&skuId=4317041&pps=1,"""Almost MLBB shade"" I don't have many words to say. This shade is soo perfect. It has strong pink side and little brown undertone. But i wish the pink side were less. It lasts for 4 hours even a...Read More",Red,Stick,Matte,Full Coverage
Lipstick,Maybelline New Yor,maybelline-new-york-color-sensational-ultimattes-lipstick,https://www.nykaa.com/maybelline-new-york-color-sensational-ultimattes-lipstick/p/4317050?productId=4317050&skuId=4317041&pps=1,"""Good"" Its soft, smooth, glides easily.. go for it. One can take an idea about the length of the lipstick",Red,Stick,Matte,Full Coverage
Lipstick,Maybelline New Yor,maybelline-new-york-color-sensational-ultimattes-lipstick,https://www.nykaa.com/maybelline-new-york-color-sensational-ultimattes-lipstick/p/4317050?productId=4317050&skuId=4317041&pps=1,"""More taupe"" What can you ask for if you having a wonderful shade.
Dupe of Mac More taupe",Red,Stick,Matte,Full Coverage
Lipstick,Maybelline New Yor,maybelline-new-york-color-sensational-ultimattes-lipstick,https://www.nykaa.com/maybelline-new-york-color-sensational-ultimattes-lipstick/p/4317050?productId=4317050&skuId=4317041&pps=1,"""Super colour lipstick ‚ù§Ô∏è"" It's super cool colour
Suitable for all skin tone üòçüòç
Must buy üëçüèª",Red,Stick,Matte,Full Coverage
Lipstick,Maybelline New Yor,maybelline-new-york-color-sensational-ultimattes-lipstick,https://www.nykaa.com/maybelline-new-york-color-sensational-ultimattes-lipstick/p/4317050?productId=4317050&skuId=4317041&pps=1,"""Perfect nude shade"" This is the perfect shade for your daily wear.",Red,Stick,Matte,Full Coverage
Lipstick,Maybelline New Yor,maybelline-new-york-color-sensational-ultimattes-lipstick,https://www.nykaa.com/maybelline-new-york-color-sensational-ultimattes-lipstick/p/4317050?productId=4317050&skuId=4317041&pps=1,"""More mauve"" Lovely mauve shade ..not totally maate ..its notTransfer proof..but very comfortable on lips..shade is very nice for fair to medium skin tone..",Red,Stick,Matte,Full Coverage
Lipstick,Maybelline New Yor,maybelline-new-york-color-sensational-ultimattes-lipstick,https://www.nykaa.com/maybelline-new-york-color-sensational-ultimattes-lipstick/p/4317050?productId=4317050&skuId=4317041&pps=1,"""Awms colour"" Matte finish look. But not a dry lipstick. Just super",Red,Stick,Matte,Full Coverage
Lipstick,Maybelline New Yor,maybelline-new-york-color-sensational-ultimattes-lipstick,https://www.nykaa.com/maybelline-new-york-color-sensational-ultimattes-lipstick/p/4317050?productId=4317050&skuId=4317041&pps=1,"""Amazing color"" Amazing color. Can wear it everyday and office as well",Red,Stick,Matte,Full Coverage
Lipstick,Maybelline New Yor,maybelline-new-york-color-sensational-ultimattes-lipstick,https://www.nykaa.com/maybelline-new-york-color-sensational-ultimattes-lipstick/p/4317050?productId=4317050&skuId=4317041&pps=1,"""Bold n beautiful"" Colors are awesome.. bought three of them. Staying power is not that good but colors and formula are amazing. Haven't used them yet but tried swatches on my hand. More buff w...Read More",Red,Stick,Matte,Full Coverage
Lipstick,Maybelline New Yor,maybelline-new-york-color-sensational-ultimattes-lipstick,https://www.nykaa.com/maybelline-new-york-color-sensational-ultimattes-lipstick/p/4317050?productId=4317050&skuId=4317041&pps=1,"""Lipstick"" Color is so good  ...moisturising... Looking very beautiful  ...",Red,Stick,Matte,Full Coverage
Lipstick,Maybelline New Yor,maybelline-new-york-color-sensational-ultimattes-lipstick,https://www.nykaa.com/maybelline-new-york-color-sensational-ultimattes-lipstick/p/4317050?productId=4317050&skuId=4317041&pps=1,"""MORE MAUVE"" Beautiful nude shade.",Red,Stick,Matte,Full Coverage
Lipstick,Maybelline New Yor,maybelline-new-york-color-sensational-ultimattes-lipstick,https://www.nykaa.com/maybelline-new-york-color-sensational-ultimattes-lipstick/p/4317050?productId=4317050&skuId=4317041&pps=1,"""Amazing"" The lipstick texture is soft matte creamy. Very pigmented. Appropriate for formal or daytime looks.",Red,Stick,Matte,Full Coverage
Lipstick,M.A.C,m-a-c-powder-kiss-lipstick,https://www.nykaa.com/m-a-c-powder-kiss-lipstick/p/377929?productId=377929&skuId=1119497&pps=1,"""Burning love shade powder kiss by Mac"" Attaching some without filter pics for exact shade recognition...Overall the lipstick looks sleek,classy,it's also light weight on lips doens't feel like u have applied anything,but it's transferrable and doesn't last long,has a mild fragrance quantity is lil less compared to price,it gives u a blurr effect on lips",Nude,Stick,Creme,Medium Coverage
Lipstick,M.A.C,m-a-c-powder-kiss-lipstick,https://www.nykaa.com/m-a-c-powder-kiss-lipstick/p/377929?productId=377929&skuId=1119497&pps=1,"""Burning love shade powder kiss by Mac"" Attaching some without filter pics for exact shade recognition...Overall the lipstick looks sleek,classy,it's also light weight on lips doens't feel like u have applied anyth...Read More",Nude,Stick,Creme,Medium Coverage
Lipstick,M.A.C,m-a-c-powder-kiss-lipstick,https://www.nykaa.com/m-a-c-powder-kiss-lipstick/p/377929?productId=377929&skuId=1119497&pps=1,"""I love MAC"" M.A.C lipsticks are something which I love a lot. It is beautiful color. I love the texture. It is creamy and smooth.",Nude,Stick,Creme,Medium Coverage
Lipstick,M.A.C,m-a-c-powder-kiss-lipstick,https://www.nykaa.com/m-a-c-powder-kiss-lipstick/p/377929?productId=377929&skuId=1119497&pps=1,"""Gorgeous Nude for fair-medium skins"" Love this formula, and the shade can be described as dirty peachy nude. I use it for daily office use. I am also adding swatches of my other 2 favourite shades as well. So le...Read More",Nude,Stick,Creme,Medium Coverage
Lipstick,M.A.C,m-a-c-powder-kiss-lipstick,https://www.nykaa.com/m-a-c-powder-kiss-lipstick/p/377929?productId=377929&skuId=1119497&pps=1,"""Stay Curious"" Lips look natural pink after application. Texture is super light almost like talcum powder. I‚Äôm uploading swatches under both natural light as well as with the Chrome filter....Read More",Nude,Stick,Creme,Medium Coverage
Lipstick,M.A.C,m-a-c-powder-kiss-lipstick,https://www.nykaa.com/m-a-c-powder-kiss-lipstick/p/377929?productId=377929&skuId=1119497&pps=1,"""What a beauty ‚ù§Ô∏è‚ù§Ô∏è"" This shade is absolutely beautiful and looks stunning on my dusky skin tone. Looks sooo pretty and chic and sets a romantic vibe aroundüíú really worth every penny. The formul...Read More",Nude,Stick,Creme,Medium Coverage
Lipstick,M.A.C,m-a-c-powder-kiss-lipstick,https://www.nykaa.com/m-a-c-powder-kiss-lipstick/p/377929?productId=377929&skuId=1119497&pps=1,"""beautiful shade !!!"" I m in love with this colour ‚ù£Ô∏è It‚Äôs such a unique shade which goes with every skin tone . It‚Äôs texture is so good different from other lipsticks üíÑ worth every penny ‚ù§Ô∏è",Nude,Stick,Creme,Medium Coverage
Lipstick,M.A.C,m-a-c-powder-kiss-lipstick,https://www.nykaa.com/m-a-c-powder-kiss-lipstick/p/377929?productId=377929&skuId=1119497&pps=1,"""Love at first sight"" There is this thing about mac.Everytime I order it I sort of feel guilty as to why I spent so much.I could have got 4 lipsticks from an ordinary brand at the cost of one lips...Read More",Nude,Stick,Creme,Medium Coverage
Lipstick,M.A.C,m-a-c-powder-kiss-lipstick,https://www.nykaa.com/m-a-c-powder-kiss-lipstick/p/377929?productId=377929&skuId=1119497&pps=1,"""Very beautiful deep orange brown color"" I wanted this specific color for a long time. It's a beautiful deep brick (orange brown)color . On my pigmented lips they look darker than usual but still it's a very nice sh...Read More",Nude,Stick,Creme,Medium Coverage
Lipstick,M.A.C,m-a-c-powder-kiss-lipstick,https://www.nykaa.com/m-a-c-powder-kiss-lipstick/p/377929?productId=377929&skuId=1119497&pps=1,"""Beautiful mauve shade"" I just like it a lot. It's a beautiful mauve color and it's lighter on lips than in bullet. Formula is great!",Nude,Stick,Creme,Medium Coverage
Lipstick,M.A.C,m-a-c-powder-kiss-lipstick,https://www.nykaa.com/m-a-c-powder-kiss-lipstick/p/377929?productId=377929&skuId=1119497&pps=1,"""Suitable for every skin tone"" I am in range 40-42 in mac and this lipstick shade suits me very well. I purchased it in Hot pink sale and trust me it is super. I wish I could get some freebies but its okay...Read More",Nude,Stick,Creme,Medium Coverage
Lipstick,M.A.C,m-a-c-powder-kiss-lipstick,https://www.nykaa.com/m-a-c-powder-kiss-lipstick/p/377929?productId=377929&skuId=1119497&pps=1,"""Beautiful brown shade"" Left: After 1 swatch
Right: After 2-3 swatches 
Pic1: With flash
Pic2: Under indoor white light 
Pic3: Under sunlight",Nude,Stick,Creme,Medium Coverage
Lipstick,M.A.C,m-a-c-powder-kiss-lipstick,https://www.nykaa.com/m-a-c-powder-kiss-lipstick/p/377929?productId=377929&skuId=1119497&pps=1,"""Nice"" Brownish red colour on my skin tone..glides like butter,not transferproof or longlasting..go for it if u want a mac in your collection",Nude,Stick,Creme,Medium Coverage
Lipstick,M.A.C,m-a-c-powder-kiss-lipstick,https://www.nykaa.com/m-a-c-powder-kiss-lipstick/p/377929?productId=377929&skuId=1119497&pps=1,"""Beautiful colour"" It is a beautiful colour and quite pigmented so easily covers my pigmented lips. It is a comfortable formula and even though it is matte it doesn‚Äôt dry out my lips and stays...Read More",Nude,Stick,Creme,Medium Coverage
Lipstick,M.A.C,m-a-c-powder-kiss-lipstick,https://www.nykaa.com/m-a-c-powder-kiss-lipstick/p/377929?productId=377929&skuId=1119497&pps=1,""". Buttery soft aplication."" The pigment is fuscia like . Buttery soft aplication. The colour will suit mostly fair skin tones with both pink and yellow undertones.",Nude,Stick,Creme,Medium Coverage
Lipstick,M.A.C,m-a-c-powder-kiss-lipstick,https://www.nykaa.com/m-a-c-powder-kiss-lipstick/p/377929?productId=377929&skuId=1119497&pps=1,"""Amazing formula! Gorgeous spring shade ‚ô•Ô∏è"" I can easily say this is the most comfortable and beautiful matte formula in market. M.A.C. came back with a bang with this one ü§©üëå

The lipstick has soft matte finish and...Read More",Nude,Stick,Creme,Medium Coverage
Lipstick,M.A.C,m-a-c-powder-kiss-lipstick,https://www.nykaa.com/m-a-c-powder-kiss-lipstick/p/377929?productId=377929&skuId=1119497&pps=1,"""Finally A MAC lipstick in my collection!‚ù§"" I was so mesmerized by this particular shade...it is that perfect pink. It will suit every skin tone....EVERY..EACH AND EVERY INDIAN SKIN TONE. I still can not believe that I...Read More",Nude,Stick,Creme,Medium Coverage
Lipstick,M.A.C,m-a-c-powder-kiss-lipstick,https://www.nykaa.com/m-a-c-powder-kiss-lipstick/p/377929?productId=377929&skuId=1119497&pps=1,"""Another awesome shade from MAC... BURNING LOVE ‚ù§Ô∏è"" Another awesome shade from MAC...would look lovely on all skin tones...highly pigmented...has smooth texture and is very comfortable on lips...long lasting and leaves a beaut...Read More",Nude,Stick,Creme,Medium Coverage
Lipstick,M.A.C,m-a-c-powder-kiss-lipstick,https://www.nykaa.com/m-a-c-powder-kiss-lipstick/p/377929?productId=377929&skuId=1119497&pps=1,"""Nice burnt brick red."" The mac lipsticks formulations are always amazing. 
Weightless.  Buildable coverage, doesn't look patchy.
It smells like Vanilla cake....I love it . 

And thank you very...Read More",Nude,Stick,Creme,Medium Coverage
Lipstick,M.A.C,m-a-c-powder-kiss-lipstick,https://www.nykaa.com/m-a-c-powder-kiss-lipstick/p/377929?productId=377929&skuId=1119497&pps=1,"""Love the formulation"" It's so light weight. And the colour ???",Nude,Stick,Creme,Medium Coverage
Lipstick,M.A.C,m-a-c-powder-kiss-lipstick,https://www.nykaa.com/m-a-c-powder-kiss-lipstick/p/377929?productId=377929&skuId=1119497&pps=1,"""Devoted to Chili- I am in love with this color"" I absolutely love this shade‚Ä¶,it‚Äôs funky and keeps the lips moist and matches my medium skin tone completely‚Ä¶‚ù§Ô∏è‚ù§Ô∏è‚ù§Ô∏è‚ù§Ô∏è‚ù§Ô∏è",Nude,Stick,Creme,Medium Coverage
Lipstick,Nykaa Fashion,nykaa-paintstix-lipstick,https://www.nykaa.com/nykaa-paintstix-lipstick/p/114009?productId=114009&pps=1&skuId=1124804,"""Sweet honeymoon 18"" This lipstick is so smooth and gives you a nude lips look and high-pigmented. I'm loving this color. I'm gonna buy it again. Thank you nykaa for this beautiful shade. Guys must buy it ?",Nude,Mousse,Glossy,Full Coverage
Lipstick,Nykaa Fashion,nykaa-paintstix-lipstick,https://www.nykaa.com/nykaa-paintstix-lipstick/p/114009?productId=114009&pps=1&skuId=1124804,"""Sweet honeymoon 18"" This lipstick is so smooth and gives you a nude lips look and high-pigmented. I'm loving this color. I'm gonna buy it again. Thank you nykaa for this beautiful shade. Guys mu...Read More",Nude,Mousse,Glossy,Full Coverage
Lipstick,Nykaa Fashion,nykaa-paintstix-lipstick,https://www.nykaa.com/nykaa-paintstix-lipstick/p/114009?productId=114009&pps=1&skuId=1124804,"""OMG??????????????"" I‚Äôm OBSESSED with this color. Goes with every skin tone. ?
Thank you NYKAA.",Nude,Mousse,Glossy,Full Coverage
Lipstick,Nykaa Fashion,nykaa-paintstix-lipstick,https://www.nykaa.com/nykaa-paintstix-lipstick/p/114009?productId=114009&pps=1&skuId=1124804,"""Wow"" I really love the color. It goes with a lot of skin tones too. ???????????????",Nude,Mousse,Glossy,Full Coverage
Lipstick,Nykaa Fashion,nykaa-paintstix-lipstick,https://www.nykaa.com/nykaa-paintstix-lipstick/p/114009?productId=114009&pps=1&skuId=1124804,"""Such a pretty color!"" The color for this lipstick is beautiful. A perfect brownish nude. It suits the best for medium skin tone. You can go for this without a second thought.",Nude,Mousse,Glossy,Full Coverage
Lipstick,Nykaa Fashion,nykaa-paintstix-lipstick,https://www.nykaa.com/nykaa-paintstix-lipstick/p/114009?productId=114009&pps=1&skuId=1124804,"""Love"" I'm in love with this color. It is a mixture of peach, pink and orange.. stay is like Maybelline creamy matte smudges somehow although also depends on how you eat and carry y...Read More",Nude,Mousse,Glossy,Full Coverage
Lipstick,Nykaa Fashion,nykaa-paintstix-lipstick,https://www.nykaa.com/nykaa-paintstix-lipstick/p/114009?productId=114009&pps=1&skuId=1124804,"""Loving it."" This is the first time over bought a lipstick from Nykaa and that was from Nykaa's range of lipstick. This one is amazing. I am a sucker for nude lipsticks. This shade blew m...Read More",Nude,Mousse,Glossy,Full Coverage
Lipstick,Nykaa Fashion,nykaa-paintstix-lipstick,https://www.nykaa.com/nykaa-paintstix-lipstick/p/114009?productId=114009&pps=1&skuId=1124804,"""Perfect brown"" The formula is great, it becomes matte after some time of application stays for 5 to 6 hours its very good product ,easy to carry must hve this shade if u r medium to drk ski...Read More",Nude,Mousse,Glossy,Full Coverage
Lipstick,Nykaa Fashion,nykaa-paintstix-lipstick,https://www.nykaa.com/nykaa-paintstix-lipstick/p/114009?productId=114009&pps=1&skuId=1124804,"""Nice colour üëå"" üíùüëçüíïü•∫",Nude,Mousse,Glossy,Full Coverage
Lipstick,Nykaa Fashion,nykaa-paintstix-lipstick,https://www.nykaa.com/nykaa-paintstix-lipstick/p/114009?productId=114009&pps=1&skuId=1124804,"""Beautiful red maroon shade"" Haven't put it on for long time yet but I'm in absolute love with the shade ?",Nude,Mousse,Glossy,Full Coverage
Lipstick,Nykaa Fashion,nykaa-paintstix-lipstick,https://www.nykaa.com/nykaa-paintstix-lipstick/p/114009?productId=114009&pps=1&skuId=1124804,"""Nykaa"" it's  awesome  and for Daily  use , amazing ?",Nude,Mousse,Glossy,Full Coverage
Lipstick,Nykaa Fashion,nykaa-paintstix-lipstick,https://www.nykaa.com/nykaa-paintstix-lipstick/p/114009?productId=114009&pps=1&skuId=1124804,"""Wow"" Omg ....this lipstick is amazing because it has the great texture. It is very comfortable you will never feel that you are wearing anything on your lips and also i love the fragrance.",Nude,Mousse,Glossy,Full Coverage
Lipstick,Nykaa Fashion,nykaa-paintstix-lipstick,https://www.nykaa.com/nykaa-paintstix-lipstick/p/114009?productId=114009&pps=1&skuId=1124804,"""Excellent"" Must buy Shade",Nude,Mousse,Glossy,Full Coverage
Lipstick,Nykaa Fashion,nykaa-paintstix-lipstick,https://www.nykaa.com/nykaa-paintstix-lipstick/p/114009?productId=114009&pps=1&skuId=1124804,"""Beautiful shade"" Love with texture
Beautiful nude shade 
Worth buying üòçüòç",Nude,Mousse,Glossy,Full Coverage
Lipstick,Nykaa Fashion,nykaa-paintstix-lipstick,https://www.nykaa.com/nykaa-paintstix-lipstick/p/114009?productId=114009&pps=1&skuId=1124804,"""Beautiful shade ‚ù§Ô∏è"" I loved it texture, it's nice shade 
Best shade for fair skin type
2nd time purchased üòç",Nude,Mousse,Glossy,Full Coverage
Lipstick,Nykaa Fashion,nykaa-paintstix-lipstick,https://www.nykaa.com/nykaa-paintstix-lipstick/p/114009?productId=114009&pps=1&skuId=1124804,"""So smooth and soft!"" This is my first nykaa paintstix.. And I'm loving it. It's soft smooth and has a very good pigmentation. It'll glide on your lips and is not at all dry.",Nude,Mousse,Glossy,Full Coverage
Lipstick,Nykaa Fashion,nykaa-paintstix-lipstick,https://www.nykaa.com/nykaa-paintstix-lipstick/p/114009?productId=114009&pps=1&skuId=1124804,"""Good product"" I just try it this is so good this is my go to shade now I just love nykaa's this collection",Nude,Mousse,Glossy,Full Coverage
Lipstick,Nykaa Fashion,nykaa-paintstix-lipstick,https://www.nykaa.com/nykaa-paintstix-lipstick/p/114009?productId=114009&pps=1&skuId=1124804,"""Thankyou ‚ù§Ô∏ènyka"" The pigmentation is superb, matte finish, very cute brand , The scent slightly irritates for a few seconds but the product is absolutely the best ‚ô•Ô∏èüôÇ dnt think so much jst g...Read More",Nude,Mousse,Glossy,Full Coverage
Lipstick,Nykaa Fashion,nykaa-paintstix-lipstick,https://www.nykaa.com/nykaa-paintstix-lipstick/p/114009?productId=114009&pps=1&skuId=1124804,"""Average product"" It‚Äôs good but it‚Äôs not long lasting",Nude,Mousse,Glossy,Full Coverage
Lipstick,Nykaa Fashion,nykaa-paintstix-lipstick,https://www.nykaa.com/nykaa-paintstix-lipstick/p/114009?productId=114009&pps=1&skuId=1124804,"""Shade 18 sweet honeymoon"" Amazing I just loved the colour.",Nude,Mousse,Glossy,Full Coverage
Lipstick,Nykaa Fashion,nykaa-paintstix-lipstick,https://www.nykaa.com/nykaa-paintstix-lipstick/p/114009?productId=114009&pps=1&skuId=1124804,"""Love the colour"" It is a very comfortable matte lipstick. Has a satin finish. Compared to so matte range, it is matte. The colour is mid toned neutral brown. Will suit light to medium skin to...Read More",Nude,Mousse,Glossy,Full Coverage
Lipstick,L'Oreal Paris,l-oreal-paris-color-riche-intense-volume-matte-lipstick,https://www.nykaa.com/l-oreal-paris-color-riche-intense-volume-matte-lipstick/p/10501192?productId=10501192&skuId=10501188&pps=1,"""Nice shade"" Nice shade",Orange,Stick,Matte,Full Coverage
Lipstick,L'Oreal Paris,l-oreal-paris-color-riche-intense-volume-matte-lipstick,https://www.nykaa.com/l-oreal-paris-color-riche-intense-volume-matte-lipstick/p/10501192?productId=10501192&skuId=10501188&pps=1,"""Nice shade"" Nice shade",Orange,Stick,Matte,Full Coverage
Lipstick,L'Oreal Paris,l-oreal-paris-color-riche-intense-volume-matte-lipstick,https://www.nykaa.com/l-oreal-paris-color-riche-intense-volume-matte-lipstick/p/10501192?productId=10501192&skuId=10501188&pps=1,"""A beautiful nude shade"" Loreal has this best range of lipsticks which suits all type of Indian skin tones. A must buy lip shade which is all you need for your everyday look üòç",Orange,Stick,Matte,Full Coverage
Lipstick,L'Oreal Paris,l-oreal-paris-color-riche-intense-volume-matte-lipstick,https://www.nykaa.com/l-oreal-paris-color-riche-intense-volume-matte-lipstick/p/10501192?productId=10501192&skuId=10501188&pps=1,"""Simply beautiful üòç"" In love with this shade ‚ù§Ô∏è A must buy lipstick which suits all skin tones.",Orange,Stick,Matte,Full Coverage
Lipstick,L'Oreal Paris,l-oreal-paris-color-riche-intense-volume-matte-lipstick,https://www.nykaa.com/l-oreal-paris-color-riche-intense-volume-matte-lipstick/p/10501192?productId=10501192&skuId=10501188&pps=1,"""I Lead - a beautiful red terracotta kinda colour"" This lipstick spells luxury. Highly one swipe pigmentation. Its awesome‚ù§Ô∏è‚ù§Ô∏è loved the reddish terracotta kind a hues on my skin tone. I think it will suit all skin tones. Go...Read More",Orange,Stick,Matte,Full Coverage
Lipstick,L'Oreal Paris,l-oreal-paris-color-riche-intense-volume-matte-lipstick,https://www.nykaa.com/l-oreal-paris-color-riche-intense-volume-matte-lipstick/p/10501192?productId=10501192&skuId=10501188&pps=1,"""Win"" Just an awesome product",Orange,Stick,Matte,Full Coverage
Lipstick,L'Oreal Paris,l-oreal-paris-color-riche-intense-volume-matte-lipstick,https://www.nykaa.com/l-oreal-paris-color-riche-intense-volume-matte-lipstick/p/10501192?productId=10501192&skuId=10501188&pps=1,"""Beautiful Red"" Gorgeous color.",Orange,Stick,Matte,Full Coverage
Lipstick,L'Oreal Paris,l-oreal-paris-color-riche-intense-volume-matte-lipstick,https://www.nykaa.com/l-oreal-paris-color-riche-intense-volume-matte-lipstick/p/10501192?productId=10501192&skuId=10501188&pps=1,"""Looks amazing"" The color is very pretty and it stays for a good amount of time.",Orange,Stick,Matte,Full Coverage
Lipstick,L'Oreal Paris,l-oreal-paris-color-riche-intense-volume-matte-lipstick,https://www.nykaa.com/l-oreal-paris-color-riche-intense-volume-matte-lipstick/p/10501192?productId=10501192&skuId=10501188&pps=1,"""Good"" It‚Äôs somewhere between maroon with hints of brown unique shade",Orange,Stick,Matte,Full Coverage
Lipstick,L'Oreal Paris,l-oreal-paris-color-riche-intense-volume-matte-lipstick,https://www.nykaa.com/l-oreal-paris-color-riche-intense-volume-matte-lipstick/p/10501192?productId=10501192&skuId=10501188&pps=1,"""L‚Äôoreal lpstick!"" Amazing shade, amazing pigmentation. Only thing is that it is not so long lasting. 9/10 for this range of lipsticks by loreal.",Orange,Stick,Matte,Full Coverage
Lipstick,L'Oreal Paris,l-oreal-paris-color-riche-intense-volume-matte-lipstick,https://www.nykaa.com/l-oreal-paris-color-riche-intense-volume-matte-lipstick/p/10501192?productId=10501192&skuId=10501188&pps=1,"""Lipstick"" The Best Creme Lipstick so Smooth nd Looks do Beautiful on Indian skin tones.. My mumma loves it. definitely purchasing other shades!!",Orange,Stick,Matte,Full Coverage
Lipstick,L'Oreal Paris,l-oreal-paris-color-riche-intense-volume-matte-lipstick,https://www.nykaa.com/l-oreal-paris-color-riche-intense-volume-matte-lipstick/p/10501192?productId=10501192&skuId=10501188&pps=1,"""By far the best brown lipstick"" Best shade for brown girls , feels awesome on the lips and the color payoff is very good",Orange,Stick,Matte,Full Coverage
Lipstick,L'Oreal Paris,l-oreal-paris-color-riche-intense-volume-matte-lipstick,https://www.nykaa.com/l-oreal-paris-color-riche-intense-volume-matte-lipstick/p/10501192?productId=10501192&skuId=10501188&pps=1,"""Very sleek and beautiful"" Tube packaging is very sleek a collector piece for lipstick hoarder like me It's very similar to mac powder kiss lippies not transfer proof.",Orange,Stick,Matte,Full Coverage
Lipstick,L'Oreal Paris,l-oreal-paris-color-riche-intense-volume-matte-lipstick,https://www.nykaa.com/l-oreal-paris-color-riche-intense-volume-matte-lipstick/p/10501192?productId=10501192&skuId=10501188&pps=1,"""Naked Hawthorn 611"" Brownish orange shade. Pretty nude shade. Quite similar to Loreal Rock on Fire.",Orange,Stick,Matte,Full Coverage
Lipstick,L'Oreal Paris,l-oreal-paris-color-riche-intense-volume-matte-lipstick,https://www.nykaa.com/l-oreal-paris-color-riche-intense-volume-matte-lipstick/p/10501192?productId=10501192&skuId=10501188&pps=1,"""Superb"" Loreal nevr disappoints!!!! Jus superbbbbbbb.... go for it grls..without ny hesitation.  Perfect nude..brown, smooth and sleek...",Orange,Stick,Matte,Full Coverage
Lipstick,L'Oreal Paris,l-oreal-paris-color-riche-intense-volume-matte-lipstick,https://www.nykaa.com/l-oreal-paris-color-riche-intense-volume-matte-lipstick/p/10501192?productId=10501192&skuId=10501188&pps=1,"""Not enough shades have been launched"" After watching the rate reviews from beauty youtubers all across the globe, i was very interested to pick a color. The first issue was the fact that the shade names didn't ma...Read More",Orange,Stick,Matte,Full Coverage
Lipstick,L'Oreal Paris,l-oreal-paris-color-riche-intense-volume-matte-lipstick,https://www.nykaa.com/l-oreal-paris-color-riche-intense-volume-matte-lipstick/p/10501192?productId=10501192&skuId=10501188&pps=1,"""Pretty but too dark for nude"" Though the colour is pretty but it is more towards crimson and not even close to being nude. Too dark for office wear.",Orange,Stick,Matte,Full Coverage
Lipstick,L'Oreal Paris,l-oreal-paris-color-riche-intense-volume-matte-lipstick,https://www.nykaa.com/l-oreal-paris-color-riche-intense-volume-matte-lipstick/p/10501192?productId=10501192&skuId=10501188&pps=1,"""Fab"" I just tried this today ..it was super awesome..did dry my lips and had a decent lasting Power..the best part it looks so luxurious",Orange,Stick,Matte,Full Coverage
Lipstick,L'Oreal Paris,l-oreal-paris-color-riche-intense-volume-matte-lipstick,https://www.nykaa.com/l-oreal-paris-color-riche-intense-volume-matte-lipstick/p/10501192?productId=10501192&skuId=10501188&pps=1,"""Color is very deceitful"" Color looks like a cool tone brown but it is a full on ginger brown lip color. Will suit mostly fair to light medium skin tones",Orange,Stick,Matte,Full Coverage
Lipstick,L'Oreal Paris,l-oreal-paris-color-riche-intense-volume-matte-lipstick,https://www.nykaa.com/l-oreal-paris-color-riche-intense-volume-matte-lipstick/p/10501192?productId=10501192&skuId=10501188&pps=1,"""Color Riche from L'Oreal"" Nice lipstick though the price is too high. Glides smoothly on the lips and the color payoff is superb. But it's not smudge proof, which is a disappointment,  and also I didn...Read More",Orange,Stick,Matte,Full Coverage
Lipstick,L'Oreal Paris,l-oreal-paris-color-riche-intense-volume-matte-lipstick,https://www.nykaa.com/l-oreal-paris-color-riche-intense-volume-matte-lipstick/p/10501192?productId=10501192&skuId=10501188&pps=1,"""Fine"" The lipstick is really good but the colour is not the colour here, it is quite different",Orange,Stick,Matte,Full Coverage
Foundation,Lakme,lakme-perfect-liquid-foundation,https://www.nykaa.com/lakme-perfect-liquid-foundation/p/8049844?productId=8049844&skuId=8032455&pps=1,"""Super"" Its very good",Beige,Liquid,Natural,Medium Coverage
Foundation,Lakme,lakme-perfect-liquid-foundation,https://www.nykaa.com/lakme-perfect-liquid-foundation/p/8049844?productId=8049844&skuId=8032455&pps=1,"""Super"" Its very good",Beige,Liquid,Natural,Medium Coverage
Foundation,Lakme,lakme-perfect-liquid-foundation,https://www.nykaa.com/lakme-perfect-liquid-foundation/p/8049844?productId=8049844&skuId=8032455&pps=1,"""Nice"" Good price very nice products and good quality and good I like it very much thanks for support me ‚ù§Ô∏è‚ù§Ô∏è
Very nice products very nice delivery boy service my favorite product...Read More",Beige,Liquid,Natural,Medium Coverage
Foundation,Lakme,lakme-perfect-liquid-foundation,https://www.nykaa.com/lakme-perfect-liquid-foundation/p/8049844?productId=8049844&skuId=8032455&pps=1,"""Good"" It's the best one for college going teens. It stays put through India's humidity (if you seal it with a nice compact or loose powder), giving a glowing, flawless finish.",Beige,Liquid,Natural,Medium Coverage
Foundation,Lakme,lakme-perfect-liquid-foundation,https://www.nykaa.com/lakme-perfect-liquid-foundation/p/8049844?productId=8049844&skuId=8032455&pps=1,"""Great for indian skin tone"" So good.and it is suitable color for indian skin.if your skin tone is between wheatish and not so dark,without any doubt purchase it.Natural beige.( applicator is not availab...Read More",Beige,Liquid,Natural,Medium Coverage
Foundation,Lakme,lakme-perfect-liquid-foundation,https://www.nykaa.com/lakme-perfect-liquid-foundation/p/8049844?productId=8049844&skuId=8032455&pps=1,"""Wow"" Wow,such a nice product...go for it",Beige,Liquid,Natural,Medium Coverage
Foundation,Lakme,lakme-perfect-liquid-foundation,https://www.nykaa.com/lakme-perfect-liquid-foundation/p/8049844?productId=8049844&skuId=8032455&pps=1,"""Ok"" Ok product",Beige,Liquid,Natural,Medium Coverage
Foundation,Maybelline New York,maybelline-new-york-fit-me-fresh-tint-with-spf-50-vitamin-c,https://www.nykaa.com/maybelline-new-york-fit-me-fresh-tint-with-spf-50-vitamin-c/p/8503569?productId=8503569&skuId=12209505&pps=1,"""Good"" Good product, gives you a natural glowing skin. Very good for everyone make up.",Brown,Cream,Natural,Sheer
Foundation,Maybelline New York,maybelline-new-york-fit-me-fresh-tint-with-spf-50-vitamin-c,https://www.nykaa.com/maybelline-new-york-fit-me-fresh-tint-with-spf-50-vitamin-c/p/8503569?productId=8503569&skuId=12209505&pps=1,"""Good"" Good product, gives you a natural glowing skin. Very good for everyone make up.",Brown,Cream,Natural,Sheer
Foundation,Maybelline New York,maybelline-new-york-fit-me-fresh-tint-with-spf-50-vitamin-c,https://www.nykaa.com/maybelline-new-york-fit-me-fresh-tint-with-spf-50-vitamin-c/p/8503569?productId=8503569&skuId=12209505&pps=1,"""Prefect tint with SPF"" The highlight of this product is it's spf 50. It blends into your skin and is light weight. Definitely preferred than BB cream. Sheer coverage.",Brown,Cream,Natural,Sheer
Foundation,Maybelline New York,maybelline-new-york-fit-me-fresh-tint-with-spf-50-vitamin-c,https://www.nykaa.com/maybelline-new-york-fit-me-fresh-tint-with-spf-50-vitamin-c/p/8503569?productId=8503569&skuId=12209505&pps=1,"""Best foundation ever"" It's cover amazing with my skin tone. Go for it girls.",Brown,Cream,Natural,Sheer
Foundation,Maybelline New York,maybelline-new-york-fit-me-fresh-tint-with-spf-50-vitamin-c,https://www.nykaa.com/maybelline-new-york-fit-me-fresh-tint-with-spf-50-vitamin-c/p/8503569?productId=8503569&skuId=12209505&pps=1,"""Maybelline skin tint is love"" Amazing replacement for foundation",Brown,Cream,Natural,Sheer
Foundation,Maybelline New York,maybelline-new-york-fit-me-fresh-tint-with-spf-50-vitamin-c,https://www.nykaa.com/maybelline-new-york-fit-me-fresh-tint-with-spf-50-vitamin-c/p/8503569?productId=8503569&skuId=12209505&pps=1,"""Maybelline"" Medium coverage Good for everyday makeup",Brown,Cream,Natural,Sheer
Foundation,Maybelline New York,maybelline-new-york-fit-me-fresh-tint-with-spf-50-vitamin-c,https://www.nykaa.com/maybelline-new-york-fit-me-fresh-tint-with-spf-50-vitamin-c/p/8503569?productId=8503569&skuId=12209505&pps=1,"""Best skin tint look so natural"" Must have in vanity",Brown,Cream,Natural,Sheer
Foundation,Maybelline New York,maybelline-new-york-fit-me-fresh-tint-with-spf-50-vitamin-c,https://www.nykaa.com/maybelline-new-york-fit-me-fresh-tint-with-spf-50-vitamin-c/p/8503569?productId=8503569&skuId=12209505&pps=1,"""Tint shade 1"" This is ready to go face tint for everyday use. Super matte. Easy to apply.  But this shade doesn't match my skin tone so i order shade 5 and mix it. And it's perfect shade f...Read More",Brown,Cream,Natural,Sheer
Foundation,Maybelline New York,maybelline-new-york-fit-me-fresh-tint-with-spf-50-vitamin-c,https://www.nykaa.com/maybelline-new-york-fit-me-fresh-tint-with-spf-50-vitamin-c/p/8503569?productId=8503569&skuId=12209505&pps=1,"""Very nice"" Perfect for everyday makeup, watch detail video on my youtube channel- Divas Glam By Shobha",Brown,Cream,Natural,Sheer
Foundation,Maybelline New York,maybelline-new-york-fit-me-fresh-tint-with-spf-50-vitamin-c,https://www.nykaa.com/maybelline-new-york-fit-me-fresh-tint-with-spf-50-vitamin-c/p/8503569?productId=8503569&skuId=12209505&pps=1,"""A miracle!!!"" First i was sceptical about the fit me tint, i was not sure because some reviews said it leaves a white cast, but then i gave it a try and it was amazing like it blended in m...Read More",Brown,Cream,Natural,Sheer
Foundation,Maybelline New York,maybelline-new-york-fit-me-fresh-tint-with-spf-50-vitamin-c,https://www.nykaa.com/maybelline-new-york-fit-me-fresh-tint-with-spf-50-vitamin-c/p/8503569?productId=8503569&skuId=12209505&pps=1,"""Awesome product"" It's light coverage product. Could be used for daily purpose. Would surely go for this if trying to avoid heavy foundation . Doesn't oxidizes easily. Highly recommend it for...Read More",Brown,Cream,Natural,Sheer
Foundation,Maybelline New York,maybelline-new-york-fit-me-fresh-tint-with-spf-50-vitamin-c,https://www.nykaa.com/maybelline-new-york-fit-me-fresh-tint-with-spf-50-vitamin-c/p/8503569?productId=8503569&skuId=12209505&pps=1,"""Maybelline Fresh Tint"" If you're looking for a dewy tint, this is not it.
This has a soft Matte finish and a medium coverage (could be built up a little) but gives a bright glow and Vit C obviousl...Read More",Brown,Cream,Natural,Sheer
Foundation,Maybelline New York,maybelline-new-york-fit-me-fresh-tint-with-spf-50-vitamin-c,https://www.nykaa.com/maybelline-new-york-fit-me-fresh-tint-with-spf-50-vitamin-c/p/8503569?productId=8503569&skuId=12209505&pps=1,"""One of the best tints for winters"" I‚Äôm in love with this skin tint since I got my hands on this product.. if you love no makeup looks then trust me this skin tint is going to be your best friend specially if y...Read More",Brown,Cream,Natural,Sheer
Foundation,Maybelline New York,maybelline-new-york-fit-me-fresh-tint-with-spf-50-vitamin-c,https://www.nykaa.com/maybelline-new-york-fit-me-fresh-tint-with-spf-50-vitamin-c/p/8503569?productId=8503569&skuId=12209505&pps=1,"""Face tint"" In love with this product. It's so natural on skin. I don't like to apply foundation but this tint made my life easy.",Brown,Cream,Natural,Sheer
Foundation,Maybelline New York,maybelline-new-york-fit-me-fresh-tint-with-spf-50-vitamin-c,https://www.nykaa.com/maybelline-new-york-fit-me-fresh-tint-with-spf-50-vitamin-c/p/8503569?productId=8503569&skuId=12209505&pps=1,"""Shade 01"" Perfect for yellow undertone...blend amazingly leaving no white cast...boom for daily wear ..give a nice dewy look. And has spf 50+
Comes in a squeeze bottle which make is e...Read More",Brown,Cream,Natural,Sheer
Foundation,Maybelline New York,maybelline-new-york-fit-me-fresh-tint-with-spf-50-vitamin-c,https://www.nykaa.com/maybelline-new-york-fit-me-fresh-tint-with-spf-50-vitamin-c/p/8503569?productId=8503569&skuId=12209505&pps=1,"""Best for natural make-up"" Doesn't feel heavy. For everyday use. Suitable for warm undertones.",Brown,Cream,Natural,Sheer
Foundation,Maybelline New York,maybelline-new-york-fit-me-fresh-tint-with-spf-50-vitamin-c,https://www.nykaa.com/maybelline-new-york-fit-me-fresh-tint-with-spf-50-vitamin-c/p/8503569?productId=8503569&skuId=12209505&pps=1,"""Perfectly fit"" Shake well n don't rub it just dab it to blend it. Shade 05 has a slight pink undertone so I thought may b it wont fit but somehow it worked on me as I have yellow undertone.",Brown,Cream,Natural,Sheer
Foundation,Maybelline New York,maybelline-new-york-fit-me-fresh-tint-with-spf-50-vitamin-c,https://www.nykaa.com/maybelline-new-york-fit-me-fresh-tint-with-spf-50-vitamin-c/p/8503569?productId=8503569&skuId=12209505&pps=1,"""Tint"" This tint is amazing on your skin it feels so light",Brown,Cream,Natural,Sheer
Foundation,Maybelline New York,maybelline-new-york-fit-me-fresh-tint-with-spf-50-vitamin-c,https://www.nykaa.com/maybelline-new-york-fit-me-fresh-tint-with-spf-50-vitamin-c/p/8503569?productId=8503569&skuId=12209505&pps=1,"""A good medium coverage foundation."" This foundation works really well for oily skin. It has medium coverage and stays for a long time. There is a bit of creasing that happens but it‚Äôs nothing obvious or bad....Read More",Brown,Cream,Natural,Sheer
Foundation,Maybelline New York,maybelline-new-york-fit-me-fresh-tint-with-spf-50-vitamin-c,https://www.nykaa.com/maybelline-new-york-fit-me-fresh-tint-with-spf-50-vitamin-c/p/8503569?productId=8503569&skuId=12209505&pps=1,"""Good."" It's a very good shade match for my skin. It's light weight and suitable for everyday use.",Brown,Cream,Natural,Sheer
Foundation,Maybelline New York,maybelline-new-york-fit-me-fresh-tint-with-spf-50-vitamin-c,https://www.nykaa.com/maybelline-new-york-fit-me-fresh-tint-with-spf-50-vitamin-c/p/8503569?productId=8503569&skuId=12209505&pps=1,"""Amazing skin tint"" This is very good for daily use. If your someone who doesn't like foundation, this is ideal. It gives a soft matte finish and brighten up the skin. The spf 50 is plus point a...Read More",Brown,Cream,Natural,Sheer
Foundation,M.A.C,m-a-c-studio-radiance-serum-poweredtm-foundation,https://www.nykaa.com/m-a-c-studio-radiance-serum-poweredtm-foundation/p/12161488?productId=12161488&skuId=12161470&pps=1,"""Most fav"" Finally I got this üòçüòçüòçnow its my 1st choice ever",Nude,Liquid,Luminous Radiant,Full Coverage
Foundation,M.A.C,m-a-c-studio-radiance-serum-poweredtm-foundation,https://www.nykaa.com/m-a-c-studio-radiance-serum-poweredtm-foundation/p/12161488?productId=12161488&skuId=12161470&pps=1,"""Most fav"" Finally I got this üòçüòçüòçnow its my 1st choice ever",Nude,Liquid,Luminous Radiant,Full Coverage
Foundation,M.A.C,m-a-c-studio-radiance-serum-poweredtm-foundation,https://www.nykaa.com/m-a-c-studio-radiance-serum-poweredtm-foundation/p/12161488?productId=12161488&skuId=12161470&pps=1,"""Very lightweight on skin"" It is very nice. Felt very light on skin. Felt skin light. It gives a dewy finish.
Nykaa shade card told me go for nc20 for nc35 studio fix but website said nc35 for nc35 and...Read More",Nude,Liquid,Luminous Radiant,Full Coverage
Foundation,Nykaa Fashion,nykaa-cosmetics-all-day-matte-liquid-foundation-with-pump,https://www.nykaa.com/nykaa-cosmetics-all-day-matte-liquid-foundation-with-pump/p/4992170?productId=4992170&pps=1&skuId=1275586,"""Too good"" This foundation exactly like Maybelline fit me.. it's give you matte finish and coverage is medium..I am medium skin tone with yellow undertone and the shade beige 06 is suit me .. so if you wanna buy it then definitely go for it..I love this foundation..and yeah in pac hd foundation I am in shade 2.5..",Beige,Liquid,Matte,Medium Coverage
Foundation,Nykaa Fashion,nykaa-cosmetics-all-day-matte-liquid-foundation-with-pump,https://www.nykaa.com/nykaa-cosmetics-all-day-matte-liquid-foundation-with-pump/p/4992170?productId=4992170&pps=1&skuId=1275586,"""Too good"" This foundation exactly like Maybelline fit me.. it's give you matte finish and coverage is medium..I am medium skin tone with yellow undertone and the shade beige 06 is suit...Read More",Beige,Liquid,Matte,Medium Coverage
Foundation,Nykaa Fashion,nykaa-cosmetics-all-day-matte-liquid-foundation-with-pump,https://www.nykaa.com/nykaa-cosmetics-all-day-matte-liquid-foundation-with-pump/p/4992170?productId=4992170&pps=1&skuId=1275586,"""Nice"" Color is true to pic, I love the foundation quality and pay off its very light on skin, loved it it‚Äôs too dark for me i am on NC 45 so I will mix it with some light foundatio...Read More",Beige,Liquid,Matte,Medium Coverage
Foundation,Nykaa Fashion,nykaa-cosmetics-all-day-matte-liquid-foundation-with-pump,https://www.nykaa.com/nykaa-cosmetics-all-day-matte-liquid-foundation-with-pump/p/4992170?productId=4992170&pps=1&skuId=1275586,"""Satisfy"" Easy to Apply
No patches 
Love it
Give instant look",Beige,Liquid,Matte,Medium Coverage
Foundation,Nykaa Fashion,nykaa-cosmetics-all-day-matte-liquid-foundation-with-pump,https://www.nykaa.com/nykaa-cosmetics-all-day-matte-liquid-foundation-with-pump/p/4992170?productId=4992170&pps=1&skuId=1275586,"""Olive 08"" Looks very natural, a little goes a long way for me as it is a buildable foundation. The shade match is pretty good even if not exact.",Beige,Liquid,Matte,Medium Coverage
Foundation,Nykaa Fashion,nykaa-cosmetics-all-day-matte-liquid-foundation-with-pump,https://www.nykaa.com/nykaa-cosmetics-all-day-matte-liquid-foundation-with-pump/p/4992170?productId=4992170&pps=1&skuId=1275586,"""Beautiful finish"" This is a great foundation!! Super skinlike finish. Only problem was i had difficulty finding my shade. But highly recommend this if you can find your shade
Comes with a pump!!",Beige,Liquid,Matte,Medium Coverage
Foundation,Nykaa Fashion,nykaa-cosmetics-all-day-matte-liquid-foundation-with-pump,https://www.nykaa.com/nykaa-cosmetics-all-day-matte-liquid-foundation-with-pump/p/4992170?productId=4992170&pps=1&skuId=1275586,"""Good"" Thanks Nykaa  üòò
Very nice smooth foundation for all skin type.",Beige,Liquid,Matte,Medium Coverage
Foundation,Nykaa Fashion,nykaa-cosmetics-all-day-matte-liquid-foundation-with-pump,https://www.nykaa.com/nykaa-cosmetics-all-day-matte-liquid-foundation-with-pump/p/4992170?productId=4992170&pps=1&skuId=1275586,"""Nykaa foundation"" Good product",Beige,Liquid,Matte,Medium Coverage
Foundation,Nykaa Fashion,nykaa-cosmetics-all-day-matte-liquid-foundation-with-pump,https://www.nykaa.com/nykaa-cosmetics-all-day-matte-liquid-foundation-with-pump/p/4992170?productId=4992170&pps=1&skuId=1275586,"""Nice."" This shade is cashew-03, its good for fair neutral skin tone. Its a Perfect shade for me and also stays long.",Beige,Liquid,Matte,Medium Coverage
Foundation,Nykaa Fashion,nykaa-cosmetics-all-day-matte-liquid-foundation-with-pump,https://www.nykaa.com/nykaa-cosmetics-all-day-matte-liquid-foundation-with-pump/p/4992170?productId=4992170&pps=1&skuId=1275586,"""Beautiful foundation"" It's so beautiful it's soft matte and I love it the coverage The Shade is not perfect for me even though beautiful. Will get a share or two light in this but amazing formulation",Beige,Liquid,Matte,Medium Coverage
Foundation,Nykaa Fashion,nykaa-cosmetics-all-day-matte-liquid-foundation-with-pump,https://www.nykaa.com/nykaa-cosmetics-all-day-matte-liquid-foundation-with-pump/p/4992170?productId=4992170&pps=1&skuId=1275586,"""Olive 08"" Its a good shade for medium skin with yellow undertone. Not too light and not too dark. Good for oily skin",Beige,Liquid,Matte,Medium Coverage
Foundation,Nykaa Fashion,nykaa-cosmetics-all-day-matte-liquid-foundation-with-pump,https://www.nykaa.com/nykaa-cosmetics-all-day-matte-liquid-foundation-with-pump/p/4992170?productId=4992170&pps=1&skuId=1275586,"""Perfect shade for Medium fair skin tone"" Wow I just loved the shade, it's so light weight,minimal coverage but yes buildable . If you use Maybelline 128 so this is your shade in NYKAA. And in the pic i use this foun...Read More",Beige,Liquid,Matte,Medium Coverage
Foundation,Nykaa Fashion,nykaa-cosmetics-all-day-matte-liquid-foundation-with-pump,https://www.nykaa.com/nykaa-cosmetics-all-day-matte-liquid-foundation-with-pump/p/4992170?productId=4992170&pps=1&skuId=1275586,"""Mocha 11"" This shade is best for NC45 ! Loved it",Beige,Liquid,Matte,Medium Coverage
Foundation,Nykaa Fashion,nykaa-cosmetics-all-day-matte-liquid-foundation-with-pump,https://www.nykaa.com/nykaa-cosmetics-all-day-matte-liquid-foundation-with-pump/p/4992170?productId=4992170&pps=1&skuId=1275586,"""Just Amazing üòçüòç"" Love love love the foundation.... Its super easy to blend and gives a flawless finish to your skin... At such price range its absolutely beautiful foundation... I'm NC 42 in...Read More",Beige,Liquid,Matte,Medium Coverage
Foundation,Nykaa Fashion,nykaa-cosmetics-all-day-matte-liquid-foundation-with-pump,https://www.nykaa.com/nykaa-cosmetics-all-day-matte-liquid-foundation-with-pump/p/4992170?productId=4992170&pps=1&skuId=1275586,"""Great"" Great product üëå just suited my complexion i have been looking for dupe of mac .
This my 2nd time cashew 03, it's awesome",Beige,Liquid,Matte,Medium Coverage
Foundation,Nykaa Fashion,nykaa-cosmetics-all-day-matte-liquid-foundation-with-pump,https://www.nykaa.com/nykaa-cosmetics-all-day-matte-liquid-foundation-with-pump/p/4992170?productId=4992170&pps=1&skuId=1275586,"""Loved it üíõ"" Formula just awesome ... It's bland into your skin like dream.... If your shade is NC45 then it's your perfect match... I have NC44.5 so it's little bit dark... So I used wit...Read More",Beige,Liquid,Matte,Medium Coverage
Foundation,Nykaa Fashion,nykaa-cosmetics-all-day-matte-liquid-foundation-with-pump,https://www.nykaa.com/nykaa-cosmetics-all-day-matte-liquid-foundation-with-pump/p/4992170?productId=4992170&pps=1&skuId=1275586,"""Foundation beige06"" Texture is soo smooth on skin .....love the shade .....nic...go for it ....love it",Beige,Liquid,Matte,Medium Coverage
Foundation,Nykaa Fashion,nykaa-cosmetics-all-day-matte-liquid-foundation-with-pump,https://www.nykaa.com/nykaa-cosmetics-all-day-matte-liquid-foundation-with-pump/p/4992170?productId=4992170&pps=1&skuId=1275586,"""Wonderful"" Finally i got my type shade and so happy about it. It gives a natural finish and stays long... just loved it",Beige,Liquid,Matte,Medium Coverage
Foundation,Nykaa Fashion,nykaa-cosmetics-all-day-matte-liquid-foundation-with-pump,https://www.nykaa.com/nykaa-cosmetics-all-day-matte-liquid-foundation-with-pump/p/4992170?productId=4992170&pps=1&skuId=1275586,"""Shade cashew"" Best ever foundation I've used till now ,Seems like second skin and blends so well and doesn't make my skin cakey at all!",Beige,Liquid,Matte,Medium Coverage
Foundation,Nykaa Fashion,nykaa-cosmetics-all-day-matte-liquid-foundation-with-pump,https://www.nykaa.com/nykaa-cosmetics-all-day-matte-liquid-foundation-with-pump/p/4992170?productId=4992170&pps=1&skuId=1275586,"""Good"" This foundation is for daily use. It's has medium coverage but it buildevel. you can build it up.",Beige,Liquid,Matte,Medium Coverage
Foundation,Nykaa Fashion,nykaa-cosmetics-all-day-matte-liquid-foundation-with-pump,https://www.nykaa.com/nykaa-cosmetics-all-day-matte-liquid-foundation-with-pump/p/4992170?productId=4992170&pps=1&skuId=1275586,"""Nayka foundation"" I love it its giving very natural look after settle apply and live just 5 minutes",Beige,Liquid,Matte,Medium Coverage
Foundation,L'Oreal Paris,l-oreal-paris-true-match-liquid-foundation-63384,https://www.nykaa.com/l-oreal-paris-true-match-liquid-foundation-63384/p/63384?productId=63384&pps=1&skuId=63390,"""D3W3 Golden beige"" Ohh my god such an amazing product...I ordered first time and i confused about my shade but it fits perfect on my skin and it is super blendable and it has fine shimmer particles which gives a nice glow on skin...highly recommended products and thank you nykaa for this amazing products",Nude,Liquid,Natural,Low Coverage
Foundation,L'Oreal Paris,l-oreal-paris-true-match-liquid-foundation-63384,https://www.nykaa.com/l-oreal-paris-true-match-liquid-foundation-63384/p/63384?productId=63384&pps=1&skuId=63390,"""D3W3 Golden beige"" Ohh my god such an amazing product...I ordered first time and i confused about my shade but it fits perfect on my skin and it is super blendable and it has fine shimmer parti...Read More",Nude,Liquid,Natural,Low Coverage
Foundation,L'Oreal Paris,l-oreal-paris-true-match-liquid-foundation-63384,https://www.nykaa.com/l-oreal-paris-true-match-liquid-foundation-63384/p/63384?productId=63384&pps=1&skuId=63390,"""The perfect shade match"" This foundation matched the skin shade perfectly. Gives a good coverage without looking cakey. A good foundation in this price range.",Nude,Liquid,Natural,Low Coverage
Foundation,L'Oreal Paris,l-oreal-paris-true-match-liquid-foundation-63384,https://www.nykaa.com/l-oreal-paris-true-match-liquid-foundation-63384/p/63384?productId=63384&pps=1&skuId=63390,"""Perfect Goden sand D5w5"" It's so light weight. Oh my god and it's a match. I was using loreal ifallible 125 natural rose but it was thick and best for party's but now m a faaan of loreal true match i...Read More",Nude,Liquid,Natural,Low Coverage
Foundation,L'Oreal Paris,l-oreal-paris-true-match-liquid-foundation-63384,https://www.nykaa.com/l-oreal-paris-true-match-liquid-foundation-63384/p/63384?productId=63384&pps=1&skuId=63390,"""The foundation is really good for dry skin"" It will not make your face peachy I love the finish of this although it is little dark for me so definitely I will buy it in another shade coz I love the finish of it  and I...Read More",Nude,Liquid,Natural,Low Coverage
Foundation,L'Oreal Paris,l-oreal-paris-true-match-liquid-foundation-63384,https://www.nykaa.com/l-oreal-paris-true-match-liquid-foundation-63384/p/63384?productId=63384&pps=1&skuId=63390,"""I am im love with this"" This foundation is somewhat for combination - dry skin because the consistency is water like it hydrates your face doesn't feel itchy or dry , being someone with dry skin is...Read More",Nude,Liquid,Natural,Low Coverage
Foundation,L'Oreal Paris,l-oreal-paris-true-match-liquid-foundation-63384,https://www.nykaa.com/l-oreal-paris-true-match-liquid-foundation-63384/p/63384?productId=63384&pps=1&skuId=63390,"""Best ???"" ‚Ä¢ affordable prices ???
‚Ä¢ watery foundation 
‚Ä¢perfect match skin colour & texture  
‚Ä¢Shade ~1.N 
‚Ä¢ After applying thz foundation look like literally matte ....
‚Ä¢nice ???",Nude,Liquid,Natural,Low Coverage
Foundation,L'Oreal Paris,l-oreal-paris-true-match-liquid-foundation-63384,https://www.nykaa.com/l-oreal-paris-true-match-liquid-foundation-63384/p/63384?productId=63384&pps=1&skuId=63390,"""Light & Super Blendable"" This foundation is very, very light in texture and consistency, but not watery. Hence it has great spreadability. The name super-blendable is befitting. I love the pump ‚Äì it...Read More",Nude,Liquid,Natural,Low Coverage
Foundation,L'Oreal Paris,l-oreal-paris-true-match-liquid-foundation-63384,https://www.nykaa.com/l-oreal-paris-true-match-liquid-foundation-63384/p/63384?productId=63384&pps=1&skuId=63390,"""8.R/8.C Nut brown shade ‚ù§"" Perfect match for my skin..As name suggest it is very easy to blend..It gives glow to ur skin..it has very thin consistency..For dry skin..It's  very suitable and lightweight...Read More",Nude,Liquid,Natural,Low Coverage
Foundation,L'Oreal Paris,l-oreal-paris-true-match-liquid-foundation-63384,https://www.nykaa.com/l-oreal-paris-true-match-liquid-foundation-63384/p/63384?productId=63384&pps=1&skuId=63390,"""Very beautiful."" Nice quality. Nice one. Must buy. Very genuine product. Love you nyka. Love the product. Party wear must important. Must use once. I liked so much. It's more than expected on...Read More",Nude,Liquid,Natural,Low Coverage
Foundation,L'Oreal Paris,l-oreal-paris-true-match-liquid-foundation-63384,https://www.nykaa.com/l-oreal-paris-true-match-liquid-foundation-63384/p/63384?productId=63384&pps=1&skuId=63390,"""Lovely"" Super blend foundation he bas thoda sa patla he iska texture but very good..",Nude,Liquid,Natural,Low Coverage
Foundation,L'Oreal Paris,l-oreal-paris-true-match-liquid-foundation-63384,https://www.nykaa.com/l-oreal-paris-true-match-liquid-foundation-63384/p/63384?productId=63384&pps=1&skuId=63390,"""Super blendable"" Really a super blendable foundation.. liquidity is awesome..spreads evenly",Nude,Liquid,Natural,Low Coverage
Foundation,L'Oreal Paris,l-oreal-paris-true-match-liquid-foundation-63384,https://www.nykaa.com/l-oreal-paris-true-match-liquid-foundation-63384/p/63384?productId=63384&pps=1&skuId=63390,"""Excellent üëå"" Its pacazing  it's just awesome üòéüòé and its just like my tone colour i also suggest you to buy it it is for oily skin",Nude,Liquid,Natural,Low Coverage
Foundation,L'Oreal Paris,l-oreal-paris-true-match-liquid-foundation-63384,https://www.nykaa.com/l-oreal-paris-true-match-liquid-foundation-63384/p/63384?productId=63384&pps=1&skuId=63390,"""Must buy ü•∞ü•∞"" This shade is perfect shade super awesome product for indian tone must buy ‚ù§‚ù§‚ù§‚ù§üòöüòöüòö‚ò∫‚ò∫‚ò∫ happy with this product i really like it ‚ò∫‚ò∫üòöü•∞ü•∞ü•∞ü•∞ü•∞üíãü§óü§óü§óü§ó",Nude,Liquid,Natural,Low Coverage
Foundation,L'Oreal Paris,l-oreal-paris-true-match-liquid-foundation-63384,https://www.nykaa.com/l-oreal-paris-true-match-liquid-foundation-63384/p/63384?productId=63384&pps=1&skuId=63390,"""True match N1 Ivory"" i love this foundation, greeatt!!!!! Recommend.",Nude,Liquid,Natural,Low Coverage
Foundation,L'Oreal Paris,l-oreal-paris-true-match-liquid-foundation-63384,https://www.nykaa.com/l-oreal-paris-true-match-liquid-foundation-63384/p/63384?productId=63384&pps=1&skuId=63390,"""Finally found my true match 3D/3W"" I have tried maybelline Fit me, Wet n Wild photo focus but these dried up my skin even more and makes my skin looks  cakey and old. Bought this foundation and it is a true ma...Read More",Nude,Liquid,Natural,Low Coverage
Foundation,L'Oreal Paris,l-oreal-paris-true-match-liquid-foundation-63384,https://www.nykaa.com/l-oreal-paris-true-match-liquid-foundation-63384/p/63384?productId=63384&pps=1&skuId=63390,"""2R2C Rose Vanilla"" I already have the N1 Ivory shade in this foundation. But I wanted to try out this shade. This is a very light foundation with great spreadability. Feels like your own skin a...Read More",Nude,Liquid,Natural,Low Coverage
Foundation,L'Oreal Paris,l-oreal-paris-true-match-liquid-foundation-63384,https://www.nykaa.com/l-oreal-paris-true-match-liquid-foundation-63384/p/63384?productId=63384&pps=1&skuId=63390,"""N1 ivory"" Perfect foundetion for fair,pink undertone I really recommend for good coverage",Nude,Liquid,Natural,Low Coverage
Foundation,L'Oreal Paris,l-oreal-paris-true-match-liquid-foundation-63384,https://www.nykaa.com/l-oreal-paris-true-match-liquid-foundation-63384/p/63384?productId=63384&pps=1&skuId=63390,"""Perfect for a dusky tone."" Absolute love for this foundation. I got the Nut Brown shade. The consistency is very thin which is essential for perfect blending, especially for beginners. Perfect for a co...Read More",Nude,Liquid,Natural,Low Coverage
Foundation,L'Oreal Paris,l-oreal-paris-true-match-liquid-foundation-63384,https://www.nykaa.com/l-oreal-paris-true-match-liquid-foundation-63384/p/63384?productId=63384&pps=1&skuId=63390,"""Wow I'm big fan of this foundation and ivory 1 The Perfect shade for Fair Toned People"" üòçI have full faith in the quality of Nayka and Nayka products.And I advise everyone to shop more and more than Nayka because its products are original.",Nude,Liquid,Natural,Low Coverage
Foundation,L'Oreal Paris,l-oreal-paris-true-match-liquid-foundation-63384,https://www.nykaa.com/l-oreal-paris-true-match-liquid-foundation-63384/p/63384?productId=63384&pps=1&skuId=63390,"""Full coverage foundation with very sparkles"" Its a very nice foundation. Its my second bottle and i love it. Good for daily use and for parties. Very easily blendable and awaesome finish. I tried maybelline fitme and ka...Read More",Nude,Liquid,Natural,Low Coverage
